<?xml version="1.0" encoding="utf-8"?>
<extension version="3.1" type="plugin" group="system" method="upgrade">
	<name>System - Plugin to Block Login page</name>
	<author>@Javi_Mata</author>
	<creationDate>July 2018</creationDate>
	<copyright>Copyright (C) 2017 Open Source Matters. All rights reserved.</copyright>
	<license>GNU General Public License version 2 or later; see LICENSE.txt</license>
	<authorEmail>javimata@gmail.com</authorEmail>
	<authorUrl>www.javimata.com</authorUrl>
	<version>1.0.0</version>
	<description>Block the login page in the frontend</description>

    <updateservers>
        <server type="extension" name="Plugin to Block Login page" priority="1">http://updates.javimata.com/plg_blocklogin_update.xml</server>
    </updateservers>

	<files>
		<filename plugin="blocklogin">blocklogin.php</filename>
	</files>
	<config>
		<fields name="params">

			<fieldset name="basic">

                <field type="text" name="redirect" label="Redirect to:" default="./" />

			</fieldset>

		</fields>
	</config>
</extension>